<?xml version="1.0" encoding="UTF-8"?>
<metadata xml:lang="en"><Esri><CreaDate>20200410</CreaDate><CreaTime>08203300</CreaTime><ArcGISFormat>1.0</ArcGISFormat><SyncOnce>TRUE</SyncOnce><DataProperties><lineage><Process ToolSource="c:\program files (x86)\arcgis\desktop10.7\ArcToolbox\Toolboxes\Data Management Tools.tbx\CreateFishnet" Date="20200410" Time="082033">CreateFishnet U:\Shea\Research\GIS\Projects\TZ_Cooccurrence\Data\shapefiles\Grids\7500m_Grid.shp "294822.774764695 225100.315707708" "294822.774764695 225110.315707708" 7500 7500 # # "774822.774764695 735100.315707708" NO_LABELS 30km_Grid POLYGON</Process><Process ToolSource="c:\program files (x86)\arcgis\desktop10.7\ArcToolbox\Toolboxes\Data Management Tools.tbx\CalculateField" Date="20200410" Time="085626">CalculateField 7500m_Grid Grid_ID "[FID] +1" VB #</Process></lineage></DataProperties></Esri></metadata>
